﻿<?xml version="1.0" encoding="UTF-8" standalone="yes"?>
<addon id="repository.1channel" name="1Channel repository" version="1.0.0" provider-name="1Channel">
	<extension point="xbmc.addon.repository" name="1Channel repository">
	<dir>
		<info compressed="false">https://github.com/hscotty55/libreelectronsmart/raw/master/addons.xml</info>
		<checksum>https://github.com/hscotty55/libreelectronsmart/raw/master/addons.xml.md5</checksum>
		<datadir zip="true">https://github.com/hscotty55/libreelectronsmart/tree/master/zips</datadir>
	</dir>    
	</extension>
</addon>